Product Name,Rating
Canon EOS 2000D DSLR Camera and EF-S 18-55 mm f/3.5-5.6 IS II Lens - Black,4.7 out of 5 stars
Pentax K-70 DSLR Camera + DA 18-135mm WR Lens Kit,4.4 out of 5 stars
Nikon D7500 Camera Body with 18-140 mm VR Digital DSLR Kit - Black,4.6 out of 5 stars
Panasonic Lumix DMC-FZ330EBK Bridge Camera with 25 - 600 mm Zoom and Full Range F2.8 - Black,4.7 out of 5 stars
Canon EOS 6D Mark II Digital SLR Camera - Black,4.6 out of 5 stars
Pentax K-70 Digital SLR Camera Body (Black),4.6 out of 5 stars
"Canon 5D Mark Iv Full Frame Digital Slr Camera Body Earplug, 6 cm, Black",4.7 out of 5 stars
"Kodak PIXPRO Astro Zoom AZ401-BK 16MP Digital Camera with 40X Optical Zoom and 3"" LCD (Black)",4.3 out of 5 stars
"Sony Alpha 6600 APS-C Mirrorless Camera with Sony 18-135mm f/3.5-5.6 Zoom Lens ( Fast 0.02s Autofocus, 5-axis in-body optical image stabilisation, 4K HLG, Flip Screen for Vlogging )",4.6 out of 5 stars
Kodak Astro Zoom AZ401 Bridge Camera 16.15MP 1/2.3,4.1 out of 5 stars
Panasonic LUMIX DMC-G7MEB-K Professional Camera with 12-60 mm Lens - Black,4.6 out of 5 stars
Canon EOS 250D + Canon EF-s 18-55mm f/4-5.6 IS STM Lens - Black With Canon EF-S 24 mm f/2.8 STM Lens - Black,4.6 out of 5 stars
"Sony Alpha 7 IV | Full-Frame Mirrorless Camera with Sony 28-70 mm F3.5-5.6 Kit Lens ( 33MP, Real-time autofocus, 10 fps, 4K60p, Vari-angle touch screen, Large capacity Z battery ), Black",4.6 out of 5 stars
"Canon EOS R6 Mark II Full Frame Mirrorless Camera & RF 24-105mm F4L IS USM | 24.2-megapixels, up to 40fps continuous shooting, 4K 60p, up to 8-stops IS and Dual Pixel CMOS Auto Focus II",5.0 out of 5 stars
"Canon EOS R50 Black + RF-S 18-45mm F4.5-6.3 IS STM Lens – Mirrorless camera for on-the-go content creators, shooting stills and videos with an ultra-compact lens also perfect for live streamers",No rating available
Canon EOS 90D + EF-S 18-135mm f/3.5-5.6 IS USM,4.8 out of 5 stars
"Sony RX100 III | Advanced Premium Compact Camera (1.0-Type Sensor, 24-70 mm F1.8-2.8 Zeiss Lens and Flip Screen for Vlogging)",4.6 out of 5 stars
"Canon EOS M50 Mark II + EF-M 15-45mm f/3.5-6.3 IS STM (Black) - Mirrorless camera built for content creators and streamers (4K, Vari-Angle screen, HDMI output, mic connection, YouTube live streaming)",4.7 out of 5 stars
Canon EOS 4000D + EF-S 18-55mm III SLR Camera Kit 18 MP 5184 x 3456 pixels Black,4.6 out of 5 stars
"Nikon Coolpix L330 Compact Digital Camera (20.2 MP, 26x Optical Zoom, 3.0 inch LCD) - Black",4.3 out of 5 stars
"Canon CAMERA EOS 2000D 18-55 III, 2728C002,Black",4.6 out of 5 stars
Nikon D3400 w/ AF-P DX NIKKOR 18-55mm f/3.5-5.6G VR DSLR Camera,4.5 out of 5 stars
Canon EOS 250D 24.1MP 6000 x 4000 Pixels CMOS 4K Ultra HD Touch Screen Digital Camera - Black Body Kit and EF-S 18-55IS STM,4.7 out of 5 stars
Nikon D5000 Digital SLR Camera with 18-55mm VR Lens Kit (12.3MP) 2.7 inch LCD,4.2 out of 5 stars
"Nikon Coolpix L340 Camera - Black (20 MP, 28x Optical Zoom) 3-Inch LCD",4.4 out of 5 stars
"Nikon D3300 Digital SLR Camera (24.2 MP, AF-P 18-55VR Lens Kit, 3 inch LCD Screen) - Black",4.4 out of 5 stars
"Canon EOS 4000D + 18-55 DC + 75-300 DC SLR Camera Body 18MP 5184 x 3456pixels Black - Digital Cameras (18 MP, 5184 x 3456 pixels, Full HD, 436 g, Black)",4.2 out of 5 stars
Canon EOS 850D + EF-S 18-55mm f/4-5.6 IS STM,4.5 out of 5 stars
Canon R10 + RF-S 18-45mm - A Mirrorless EOS-R camera that’s perfect for creative exploration when paired with 'pocket-sized' lens ideally suited to wide variety of lifestyle situations,No rating available
"Canon EOS RP - Lightweight Full Frame Mirrorless Camera (4K movies and vari-angle touchscreen, 26.2 Megapixels, Dual Pixel CMOS AF, Eye AF, Wi-Fi)",4.3 out of 5 stars
"Canon R10 - An easy-to-use, mirrorless EOS-R that’s the ideal next step in photography and video, perfect for creative exploration, Black",5.0 out of 5 stars
"Panasonic Lumix DMC-TZ100 Compact Digital Camera (25-250 mm, 10x Optical Zoom, F2.8-5.9 Leica Lens) - Black",4.4 out of 5 stars
Canon EOS 5D MARK IV,4.7 out of 5 stars
"Olympus PEN E-PL10 Micro Four Thirds System Camera, 16 Megapixel, Image Stabilization in the Body, Swivelling Monitor, 4K Video, Wi-Fi, 16 Art Filter, Touch AF Trigger , White",4.4 out of 5 stars
"Sony RX10 IV | Advanced Premium Compact Camera (1.0-Type Sensor, 24-600 mm F2.8-4.0 Zeiss Lens, Fast 0.03s Autofocus, 4K Movie Recording)",4.6 out of 5 stars
Digital Camera Full HD 4K Video Camera 48MP Compact Camera 16x Digital Zoom and 3.2 Inch Screen Vlogging Camera for Photography Beginners (Include 32G SD Card & 2 Batteries),2.9 out of 5 stars
Nikon D3500 Digital SLR Camera [Body only] 24.2 Megapixels - International Version -Black,4.0 out of 5 stars
"Nikon D3300 Digital SLR Camera with 18-55mm VR II Lens Kit (24.2 MP, 3 inch LCD) - Black",4.4 out of 5 stars
Nikon D5100 Digital SLR Camera with 18-55mm VR Lens Kit (16.2MP) 3 inch LCD (discontinued by manufacturer),4.4 out of 5 stars
"PENTAX K-1 Mark II Digital SLR Camera Body: 36.4MP Full Frame High Resolution Digital Camera 5 axis, 5 steps Shake Reduction II Weather-resistant construction Dustproof Flexible Tilt-Type LCD monitor",4.3 out of 5 stars
"Nikon Z5 Body Mirrorless Camera (273-point Hybrid AF, 5-axis in-body optical image stabilisation, 4K movies, Dual card slots), VOA040AE",4.6 out of 5 stars
Nikon D3200 Digital SLR Camera with 18-55mm VR Lens Kit - Black (24.2MP) 3 inch LCD,4.5 out of 5 stars
Digital Camera Full HD 4K Video Camera 48MP Compact Camera 16x Digital Zoom and 3.2 Inch Screen Vlogging Camera for Photography Beginners (Include 32G SD Card & 2 Batteries),4.3 out of 5 stars
Canon EOS 500D Digital SLR Camera (incl. EF-S 18-55 mm IS Lens Kit),4.5 out of 5 stars
Canon EOS 250D + Canon EF-s 18-55mm f/4-5.6 IS STM Lens-Black with 64G memory card,4.5 out of 5 stars
Pentax K70 Noir + 18-55 WR,4.7 out of 5 stars
Kodak PIXPRO AZ421 Astro Zoom Bridge Camera - Black,4.2 out of 5 stars
"KODAK PIXPRO Astro Zoom AZ405-BK 20MP Digital Camera with 40X Optical Zoom 24mm Wide Angle 1080P Full HD Video and 3"" LCD (Black)",4.1 out of 5 stars
"Goshyda 18X Zoom HD SLR Camera, 3in LCD HD Screen Builtin Flash Light 1500mAh Largecapacit Lightweight Portable Digital Camera(Standard version + wide-angle lens)",2.6 out of 5 stars
Nikon D5200 Digital SLR Camera with 18-55mm VR Lens Kit - Black (24.1MP) 3 inch LCD (discontinued by manufacturer),4.2 out of 5 stars
"Sony Cyber-SHOT DSC-H300 ( 20.1 MP,35 x Optical Zoom,3 -inch LCD )",4.1 out of 5 stars
Canon EOS R50|24.2MP APS-C Mirrorless Camera|Body Only|Up to 15fps Cont.|Dual Pixel CMOS AF II|4K 30p Oversampled 6K|Vari-Angle Screen|Bluetooth & WiFi|Black,No rating available
Nikon VNA951GA B500 Coolpix Digital Compact Camera - Black,4.7 out of 5 stars
Nikon VQA060EA Coolpix P1000 - Black,4.6 out of 5 stars
"Kodak AZ252 Astro Zoom Bridge Camera - Black (16 MP, 25x Optical Zoom) 3-Inch LCD Screen",4.3 out of 5 stars
"Canon EOS R6 Mark II Full Frame Mirrorless Camera Body Only | 24.2-megapixels, up to 40fps continuous shooting, 4K 60p, up to 8-stops IS and Dual Pixel CMOS Auto Focus II",5.0 out of 5 stars
"Panasonic LUMIX DC-TZ95D Superzoom Digital Camera, 24-720mm Optical Leica Zoom Lens, 20.3 MP, Panorama Selfie, 4K Function, Black",4.6 out of 5 stars
Nikon D850 FX-Format Digital SLR Camera Body,4.6 out of 5 stars
Panasonic LUMIX DC-G100KEB-K Vlogging Camera with LUMIX G Vario 12-32 mm f3.5-5.6,4.1 out of 5 stars
"Digital Camera,3"" 48MP Autofocus Compact Camera with Wide Angle Lens,Rechargeable FHD 4K Vlogging Camera with 16X Digital Zoom,Mini Photo Camera with 32GB Card",4.6 out of 5 stars
"Canon 4519C008 Zoemini S2 (Teal) - Slimline Instant Camera and Pocket Photo Printer, Ideal for Snapping Selfies with a Built in Mirror and Ring-Light",4.1 out of 5 stars
"Sony Alpha 6400 | APS-C Mirrorless Camera ( Fast 0.02s Autofocus, 24.2 Megapixels, 4K Movie Recording, Flip Screen for Vlogging )",4.7 out of 5 stars
"Sony DSC-HX99 Compact Digital 18.2 MP Camera with 24-720 mm Zoom, 4K and Touchpad – Black (UK version)",4.4 out of 5 stars
"Nikon Z6 II + Z 24-70mm + FTZ Mirrorless Camera Kit (24.5 megapixel, Ultra wide ISO, 14 fps Continuous Shooting, Eye-Detection AF, Dual Card Slots, 4K Full HD Video) VOA060K003",4.9 out of 5 stars
Fujifilm X-T30 II + XF18-55mm black,4.7 out of 5 stars
"Canon PowerShot ZOOM Essential Kit - Pocket-sized superzoom monocular camera with a micros SD card and power charger, ideal for amateur birdwatch photographers and families",4.6 out of 5 stars
"Canon EOS R Body Only- Full Frame Mirrorless Camera with 30.3 Megapixels Dual Pixel CMOS Sensor, 8 Fps Continuous Shooting, Silent Shutter, 4K Movies and Vari-angle LCD Touchscreen for Vlogging",4.8 out of 5 stars
Panasonic LUMIX DMC-TZ70EB-S 30x70 Super Zoom Camera - Silver,4.5 out of 5 stars
"Sony Alpha 7 II | Full-Frame Mirrorless Camera with Sony 28-70 mm f/3.5-5.6 Zoom Lens, Black & SEL35F18F FE 35mm F1.8 large-aperture wide-angle prime lens",4.6 out of 5 stars
Nikon COOLPIX P950,4.6 out of 5 stars
Canon EOS R8|24.2MP Full-Frame Mirrorless Camera|Body Only|Upto 40fps Continuously|Dual Pixel CMOS AF II|4K upto 60p|Vari-angle Screen|Bluetooth & WiFi,No rating available
Kodak PIXPRO FZ45 Camera inc Shoulder Bag with Compartment & 32GB SD - Black,4.0 out of 5 stars
Nikon VBA550K001 D3500 + AF-P DX 18–55 VR Kit - Black,4.7 out of 5 stars
"Fujifilm X-T20 Mirrorless Digital Camera, Black",4.3 out of 5 stars
"Nikon Z 30 + 16-50mm DX VR Kit,Black",4.6 out of 5 stars
"Canon EOS R50 Creator Kit, Black – Mirrorless camera for creators, shooting stills and videos with an ultra-compact lens, also perfect for vloggers and live streamers",1.0 out of 5 stars
Kodak AZ422 Astro Zoom Bridge Camera - Black,4.2 out of 5 stars
"Nikon Z 30 + 16-50mm DX VR + 50-250mm DX VR Kit,Black",4.8 out of 5 stars
Panasonic Lumix DC-FZ82 4K Bridge Camera,4.4 out of 5 stars
Panasonic LUMIX DMC-TZ80EB-K Super Zoom Camera - Black,4.5 out of 5 stars
"Canon EOS R6 Mark II Full Frame Mirrorless Camera & RF 24-105mm F4-7.1 IS STM | 24.2-megapixels, up to 40fps continuous shooting, 4K 60p, up to 8-stops IS and Dual Pixel CMOS Auto Focus II",No rating available
Kodak PIXPRO AZ652 Bridge Camera Kit inc 2x 32GB SD Cards & Case,4.5 out of 5 stars
Canon EOS 5D MARK III,4.1 out of 5 stars
"Canon EOS R50 White + RF-S 18-45mm F4.5-6.3 IS STM Lens – Mirrorless camera for on-the-go content creators, shooting stills and videos with an ultra-compact lens also perfect for live streamers",No rating available
"Panasonic Lumix FZ45 14.1MP Digital Camera - Black (3.0 inch TFT LCD Display, LEICA DC Lens with 25mm Wide-angle and 24x Optical Zoom)",4.5 out of 5 stars
"Nikon Z 30 Body, Black",4.5 out of 5 stars
Canon EOS M200 Kit white + EF-M 15-45 IS STM,4.3 out of 5 stars
"Canon EOS 2000D BK Body EU26 SLR Camera Body 24.1 MP CMOS 6000 x 4000 Pixels, Black - Digital Camera (24.1 MP, 6000 x 4000 Pixels, CMOS, Full HD, Black)",4.7 out of 5 stars
Panasonic DMC-FZ72 Camera Black 16.1MP 60xZoom 3.0LCD FHD 20mm Lumix DC Vario,4.2 out of 5 stars
"Digital Camera, Vlogging Camera with SD Card 48MP 2.7K/20FPS 2.7-inch Screen LCD Anti-shake Photoflash Selfile For Kids Teens Beginners Gift (Black)",5.0 out of 5 stars
Canon 2421Y85 IXUS 285 Compact Camera with 3 inch LCD Screen - Black,4.5 out of 5 stars
Nikon COOLPIX B600 Black,4.4 out of 5 stars
"Canon EOS M200 MILC 24.1 MP CMOS 6000 x 4000 pixels Black EOS M200, 24.1 MP, 6000 x 4000 pixels, CMOS, 4K Ultra HD, Touchscreen, Black",4.4 out of 5 stars
"Panasonic Lumix TZ20 Digital Camera - Black (14.1MP MOS, 16x Optical Zoom) 3 inch Touchscreen LCD",4.5 out of 5 stars
Sony DSCH400B.CEH Digital Compact Bridge Camera - Black,4.4 out of 5 stars
Nikon VQA060EA Coolpix P1000 - Black,4.6 out of 5 stars
"KODAK PIXPRO Astro Zoom AZ421-WH 16MP Digital Camera with 42X Optical Zoom and 3"" LCD Screen (White)",4.3 out of 5 stars
"Kodak AZ252 Astro Zoom Bridge Camera - Black (16 MP, 25x Optical Zoom) 3-Inch LCD Screen",4.3 out of 5 stars
"Canon EOS R6 Mark II Full Frame Mirrorless Camera Body Only | 24.2-megapixels, up to 40fps continuous shooting, 4K 60p, up to 8-stops IS and Dual Pixel CMOS Auto Focus II",5.0 out of 5 stars
Nikon D3X Digital SLR Camera Body Only (24.5MP) 3 inch LCD,2.9 out of 5 stars
Nikon D3500 24.2MP DSLR Camera + AF-S DX 18–105 VR + TRD ® 20 Piece Digital Essential Kit,4.6 out of 5 stars
"Panasonic LUMIX DC-TZ95D Superzoom Digital Camera, 24-720mm Optical Leica Zoom Lens, 20.3 MP, Panorama Selfie, 4K Function, Black",4.6 out of 5 stars
Nikon D7200 Kit (18-140mm) Black,4.6 out of 5 stars
"Pentax K-1 Mark II Full Frame 36MP Weather Resistant DSLR with 3.2"" TFT LCD, Black",4.8 out of 5 stars
K-70 DSLR Camera + DA 18-135mm WR Lens Kit and Pentax bag,4.3 out of 5 stars
"Fujifilm FinePix S4500 Digital Camera (14MP, 30x Optical Zoom) 3 inch LCD Screen",4.3 out of 5 stars
